{
  "Total" : {
    "transaction" : "Total",
    "sampleCount" : 13,
    "errorCount" : 0,
    "errorPct" : 0.0,
    "meanResTime" : 196.69230769230768,
    "medianResTime" : 166.0,
    "minResTime" : 155.0,
    "maxResTime" : 535.0,
    "pct1ResTime" : 408.9999999999999,
    "pct2ResTime" : 535.0,
    "pct3ResTime" : 535.0,
    "throughput" : 0.3428812575829509,
    "receivedKBytesPerSec" : 0.2209204136334863,
    "sentKBytesPerSec" : 0.047547986891385764
  },
  "HTTP Request" : {
    "transaction" : "HTTP Request",
    "sampleCount" : 13,
    "errorCount" : 0,
    "errorPct" : 0.0,
    "meanResTime" : 196.69230769230768,
    "medianResTime" : 166.0,
    "minResTime" : 155.0,
    "maxResTime" : 535.0,
    "pct1ResTime" : 408.9999999999999,
    "pct2ResTime" : 535.0,
    "pct3ResTime" : 535.0,
    "throughput" : 0.3428812575829509,
    "receivedKBytesPerSec" : 0.2209204136334863,
    "sentKBytesPerSec" : 0.047547986891385764
  }
}