{
  "Total" : {
    "transaction" : "Total",
    "sampleCount" : 10,
    "errorCount" : 0,
    "errorPct" : 0.0,
    "meanResTime" : 202.4,
    "medianResTime" : 164.5,
    "minResTime" : 161.0,
    "maxResTime" : 545.0,
    "pct1ResTime" : 507.3000000000001,
    "pct2ResTime" : 545.0,
    "pct3ResTime" : 545.0,
    "throughput" : 0.3692080487354624,
    "receivedKBytesPerSec" : 0.24167983893298872,
    "sentKBytesPerSec" : 0.05119877238323795
  },
  "HTTP Request" : {
    "transaction" : "HTTP Request",
    "sampleCount" : 10,
    "errorCount" : 0,
    "errorPct" : 0.0,
    "meanResTime" : 202.4,
    "medianResTime" : 164.5,
    "minResTime" : 161.0,
    "maxResTime" : 545.0,
    "pct1ResTime" : 507.3000000000001,
    "pct2ResTime" : 545.0,
    "pct3ResTime" : 545.0,
    "throughput" : 0.3692080487354624,
    "receivedKBytesPerSec" : 0.24167983893298872,
    "sentKBytesPerSec" : 0.05119877238323795
  }
}