{
  "Total" : {
    "transaction" : "Total",
    "sampleCount" : 10,
    "errorCount" : 0,
    "errorPct" : 0.0,
    "meanResTime" : 268.59999999999997,
    "medianResTime" : 239.0,
    "minResTime" : 234.0,
    "maxResTime" : 534.0,
    "pct1ResTime" : 505.2000000000001,
    "pct2ResTime" : 534.0,
    "pct3ResTime" : 534.0,
    "throughput" : 0.36817495673944256,
    "receivedKBytesPerSec" : 0.24093167823349654,
    "sentKBytesPerSec" : 0.05105551157910239
  },
  "HTTP Request" : {
    "transaction" : "HTTP Request",
    "sampleCount" : 10,
    "errorCount" : 0,
    "errorPct" : 0.0,
    "meanResTime" : 268.59999999999997,
    "medianResTime" : 239.0,
    "minResTime" : 234.0,
    "maxResTime" : 534.0,
    "pct1ResTime" : 505.2000000000001,
    "pct2ResTime" : 534.0,
    "pct3ResTime" : 534.0,
    "throughput" : 0.36817495673944256,
    "receivedKBytesPerSec" : 0.24093167823349654,
    "sentKBytesPerSec" : 0.05105551157910239
  }
}