{
  "Total" : {
    "transaction" : "Total",
    "sampleCount" : 1,
    "errorCount" : 0,
    "errorPct" : 0.0,
    "meanResTime" : 919.0,
    "medianResTime" : 919.0,
    "minResTime" : 919.0,
    "maxResTime" : 919.0,
    "pct1ResTime" : 919.0,
    "pct2ResTime" : 919.0,
    "pct3ResTime" : 919.0,
    "throughput" : 1.088139281828074,
    "receivedKBytesPerSec" : 0.7491583922742111,
    "sentKBytesPerSec" : 0.15089431447225243
  },
  "HTTP Request" : {
    "transaction" : "HTTP Request",
    "sampleCount" : 1,
    "errorCount" : 0,
    "errorPct" : 0.0,
    "meanResTime" : 919.0,
    "medianResTime" : 919.0,
    "minResTime" : 919.0,
    "maxResTime" : 919.0,
    "pct1ResTime" : 919.0,
    "pct2ResTime" : 919.0,
    "pct3ResTime" : 919.0,
    "throughput" : 1.088139281828074,
    "receivedKBytesPerSec" : 0.7491583922742111,
    "sentKBytesPerSec" : 0.15089431447225243
  }
}