{
  "Total" : {
    "transaction" : "Total",
    "sampleCount" : 1,
    "errorCount" : 0,
    "errorPct" : 0.0,
    "meanResTime" : 529.0,
    "medianResTime" : 529.0,
    "minResTime" : 529.0,
    "maxResTime" : 529.0,
    "pct1ResTime" : 529.0,
    "pct2ResTime" : 529.0,
    "pct3ResTime" : 529.0,
    "throughput" : 1.890359168241966,
    "receivedKBytesPerSec" : 1.295929820415879,
    "sentKBytesPerSec" : 0.26213965028355385
  },
  "HTTP Request" : {
    "transaction" : "HTTP Request",
    "sampleCount" : 1,
    "errorCount" : 0,
    "errorPct" : 0.0,
    "meanResTime" : 529.0,
    "medianResTime" : 529.0,
    "minResTime" : 529.0,
    "maxResTime" : 529.0,
    "pct1ResTime" : 529.0,
    "pct2ResTime" : 529.0,
    "pct3ResTime" : 529.0,
    "throughput" : 1.890359168241966,
    "receivedKBytesPerSec" : 1.295929820415879,
    "sentKBytesPerSec" : 0.26213965028355385
  }
}