{
  "Total" : {
    "transaction" : "Total",
    "sampleCount" : 1,
    "errorCount" : 0,
    "errorPct" : 0.0,
    "meanResTime" : 505.0,
    "medianResTime" : 505.0,
    "minResTime" : 505.0,
    "maxResTime" : 505.0,
    "pct1ResTime" : 505.0,
    "pct2ResTime" : 505.0,
    "pct3ResTime" : 505.0,
    "throughput" : 1.9801980198019802,
    "receivedKBytesPerSec" : 1.351717202970297,
    "sentKBytesPerSec" : 0.2745977722772277
  },
  "HTTP Request" : {
    "transaction" : "HTTP Request",
    "sampleCount" : 1,
    "errorCount" : 0,
    "errorPct" : 0.0,
    "meanResTime" : 505.0,
    "medianResTime" : 505.0,
    "minResTime" : 505.0,
    "maxResTime" : 505.0,
    "pct1ResTime" : 505.0,
    "pct2ResTime" : 505.0,
    "pct3ResTime" : 505.0,
    "throughput" : 1.9801980198019802,
    "receivedKBytesPerSec" : 1.351717202970297,
    "sentKBytesPerSec" : 0.2745977722772277
  }
}