{
  "Total" : {
    "transaction" : "Total",
    "sampleCount" : 10,
    "errorCount" : 0,
    "errorPct" : 0.0,
    "meanResTime" : 98.3,
    "medianResTime" : 23.5,
    "minResTime" : 21.0,
    "maxResTime" : 764.0,
    "pct1ResTime" : 690.6000000000003,
    "pct2ResTime" : 764.0,
    "pct3ResTime" : 764.0,
    "throughput" : 0.37133308577794283,
    "receivedKBytesPerSec" : 0.2422005546787969,
    "sentKBytesPerSec" : 0.05149345525436316
  },
  "HTTP Request" : {
    "transaction" : "HTTP Request",
    "sampleCount" : 10,
    "errorCount" : 0,
    "errorPct" : 0.0,
    "meanResTime" : 98.3,
    "medianResTime" : 23.5,
    "minResTime" : 21.0,
    "maxResTime" : 764.0,
    "pct1ResTime" : 690.6000000000003,
    "pct2ResTime" : 764.0,
    "pct3ResTime" : 764.0,
    "throughput" : 0.37133308577794283,
    "receivedKBytesPerSec" : 0.2422005546787969,
    "sentKBytesPerSec" : 0.05149345525436316
  }
}