{
  "Total" : {
    "transaction" : "Total",
    "sampleCount" : 17,
    "errorCount" : 17,
    "errorPct" : 100.0,
    "meanResTime" : 116.4705882352941,
    "medianResTime" : 61.0,
    "minResTime" : 58.0,
    "maxResTime" : 775.0,
    "pct1ResTime" : 382.19999999999965,
    "pct2ResTime" : 775.0,
    "pct3ResTime" : 775.0,
    "throughput" : 1.8144946098836587,
    "receivedKBytesPerSec" : 0.4571675872558438,
    "sentKBytesPerSec" : 0.2516193697299605
  },
  "HTTP Request" : {
    "transaction" : "HTTP Request",
    "sampleCount" : 17,
    "errorCount" : 17,
    "errorPct" : 100.0,
    "meanResTime" : 116.4705882352941,
    "medianResTime" : 61.0,
    "minResTime" : 58.0,
    "maxResTime" : 775.0,
    "pct1ResTime" : 382.19999999999965,
    "pct2ResTime" : 775.0,
    "pct3ResTime" : 775.0,
    "throughput" : 1.8144946098836587,
    "receivedKBytesPerSec" : 0.4571675872558438,
    "sentKBytesPerSec" : 0.2516193697299605
  }
}