{
  "Total" : {
    "transaction" : "Total",
    "sampleCount" : 10,
    "errorCount" : 0,
    "errorPct" : 0.0,
    "meanResTime" : 254.9,
    "medianResTime" : 224.0,
    "minResTime" : 219.0,
    "maxResTime" : 544.0,
    "pct1ResTime" : 512.3000000000002,
    "pct2ResTime" : 544.0,
    "pct3ResTime" : 544.0,
    "throughput" : 0.3683241252302026,
    "receivedKBytesPerSec" : 0.24264790515653775,
    "sentKBytesPerSec" : 0.051076197053407
  },
  "HTTP Request" : {
    "transaction" : "HTTP Request",
    "sampleCount" : 10,
    "errorCount" : 0,
    "errorPct" : 0.0,
    "meanResTime" : 254.9,
    "medianResTime" : 224.0,
    "minResTime" : 219.0,
    "maxResTime" : 544.0,
    "pct1ResTime" : 512.3000000000002,
    "pct2ResTime" : 544.0,
    "pct3ResTime" : 544.0,
    "throughput" : 0.3683241252302026,
    "receivedKBytesPerSec" : 0.24264790515653775,
    "sentKBytesPerSec" : 0.051076197053407
  }
}