{
  "Total" : {
    "transaction" : "Total",
    "sampleCount" : 1,
    "errorCount" : 0,
    "errorPct" : 0.0,
    "meanResTime" : 352.0,
    "medianResTime" : 352.0,
    "minResTime" : 352.0,
    "maxResTime" : 352.0,
    "pct1ResTime" : 352.0,
    "pct2ResTime" : 352.0,
    "pct3ResTime" : 352.0,
    "throughput" : 2.840909090909091,
    "receivedKBytesPerSec" : 1.9448020241477273,
    "sentKBytesPerSec" : 0.3939541903409091
  },
  "HTTP Request" : {
    "transaction" : "HTTP Request",
    "sampleCount" : 1,
    "errorCount" : 0,
    "errorPct" : 0.0,
    "meanResTime" : 352.0,
    "medianResTime" : 352.0,
    "minResTime" : 352.0,
    "maxResTime" : 352.0,
    "pct1ResTime" : 352.0,
    "pct2ResTime" : 352.0,
    "pct3ResTime" : 352.0,
    "throughput" : 2.840909090909091,
    "receivedKBytesPerSec" : 1.9448020241477273,
    "sentKBytesPerSec" : 0.3939541903409091
  }
}