{
  "Total" : {
    "transaction" : "Total",
    "sampleCount" : 1,
    "errorCount" : 0,
    "errorPct" : 0.0,
    "meanResTime" : 968.0,
    "medianResTime" : 968.0,
    "minResTime" : 968.0,
    "maxResTime" : 968.0,
    "pct1ResTime" : 968.0,
    "pct2ResTime" : 968.0,
    "pct3ResTime" : 968.0,
    "throughput" : 1.0330578512396695,
    "receivedKBytesPerSec" : 0.707200736053719,
    "sentKBytesPerSec" : 0.14325606921487605
  },
  "HTTP Request" : {
    "transaction" : "HTTP Request",
    "sampleCount" : 1,
    "errorCount" : 0,
    "errorPct" : 0.0,
    "meanResTime" : 968.0,
    "medianResTime" : 968.0,
    "minResTime" : 968.0,
    "maxResTime" : 968.0,
    "pct1ResTime" : 968.0,
    "pct2ResTime" : 968.0,
    "pct3ResTime" : 968.0,
    "throughput" : 1.0330578512396695,
    "receivedKBytesPerSec" : 0.707200736053719,
    "sentKBytesPerSec" : 0.14325606921487605
  }
}