{
  "Total" : {
    "transaction" : "Total",
    "sampleCount" : 10,
    "errorCount" : 10,
    "errorPct" : 100.0,
    "meanResTime" : 144.5,
    "medianResTime" : 63.5,
    "minResTime" : 60.0,
    "maxResTime" : 876.0,
    "pct1ResTime" : 795.1000000000003,
    "pct2ResTime" : 876.0,
    "pct3ResTime" : 876.0,
    "throughput" : 0.65470734581642,
    "receivedKBytesPerSec" : 0.16495556173890272,
    "sentKBytesPerSec" : 0.09078949522063638
  },
  "HTTP Request" : {
    "transaction" : "HTTP Request",
    "sampleCount" : 10,
    "errorCount" : 10,
    "errorPct" : 100.0,
    "meanResTime" : 144.5,
    "medianResTime" : 63.5,
    "minResTime" : 60.0,
    "maxResTime" : 876.0,
    "pct1ResTime" : 795.1000000000003,
    "pct2ResTime" : 876.0,
    "pct3ResTime" : 876.0,
    "throughput" : 0.65470734581642,
    "receivedKBytesPerSec" : 0.16495556173890272,
    "sentKBytesPerSec" : 0.09078949522063638
  }
}