{
  "Total" : {
    "transaction" : "Total",
    "sampleCount" : 13,
    "errorCount" : 0,
    "errorPct" : 0.0,
    "meanResTime" : 47.76923076923078,
    "medianResTime" : 24.0,
    "minResTime" : 18.0,
    "maxResTime" : 337.0,
    "pct1ResTime" : 216.59999999999988,
    "pct2ResTime" : 337.0,
    "pct3ResTime" : 337.0,
    "throughput" : 0.34409740603493916,
    "receivedKBytesPerSec" : 0.22726144785600846,
    "sentKBytesPerSec" : 0.047716632477501325
  },
  "HTTP Request" : {
    "transaction" : "HTTP Request",
    "sampleCount" : 13,
    "errorCount" : 0,
    "errorPct" : 0.0,
    "meanResTime" : 47.76923076923078,
    "medianResTime" : 24.0,
    "minResTime" : 18.0,
    "maxResTime" : 337.0,
    "pct1ResTime" : 216.59999999999988,
    "pct2ResTime" : 337.0,
    "pct3ResTime" : 337.0,
    "throughput" : 0.34409740603493916,
    "receivedKBytesPerSec" : 0.22726144785600846,
    "sentKBytesPerSec" : 0.047716632477501325
  }
}