{
  "Total" : {
    "transaction" : "Total",
    "sampleCount" : 10,
    "errorCount" : 0,
    "errorPct" : 0.0,
    "meanResTime" : 252.1,
    "medianResTime" : 220.0,
    "minResTime" : 209.0,
    "maxResTime" : 557.0,
    "pct1ResTime" : 524.0000000000001,
    "pct2ResTime" : 557.0,
    "pct3ResTime" : 557.0,
    "throughput" : 0.3684055408193339,
    "receivedKBytesPerSec" : 0.24273751795977014,
    "sentKBytesPerSec" : 0.05108748710580607
  },
  "HTTP Request" : {
    "transaction" : "HTTP Request",
    "sampleCount" : 10,
    "errorCount" : 0,
    "errorPct" : 0.0,
    "meanResTime" : 252.1,
    "medianResTime" : 220.0,
    "minResTime" : 209.0,
    "maxResTime" : 557.0,
    "pct1ResTime" : 524.0000000000001,
    "pct2ResTime" : 557.0,
    "pct3ResTime" : 557.0,
    "throughput" : 0.3684055408193339,
    "receivedKBytesPerSec" : 0.24273751795977014,
    "sentKBytesPerSec" : 0.05108748710580607
  }
}